ts,product_id,side,entry_price,tp_price,sl_price,base_size,dev_bps,rr,hold_minutes,reason,risk_dollars,notional,gate_bps,depth_note
1758906610,USDT-USDC,NONE,,,,,6.0000,,,insufficient_balance,,,,
1758906620,USDT-USDC,NONE,,,,,6.0000,,,insufficient_balance,,,,
1758906630,USDT-USDC,NONE,,,,,6.0000,,,insufficient_balance,,,,
1758906640,USDT-USDC,NONE,,,,,6.0000,,,insufficient_balance,,,,
1758906650,USDT-USDC,NONE,,,,,6.0000,,,insufficient_balance,,,,
1758906660,USDT-USDC,NONE,,,,,6.0000,,,insufficient_balance,,,,
1758906670,USDT-USDC,NONE,,,,,6.0000,,,insufficient_balance,,,,
1758906680,USDT-USDC,NONE,,,,,6.0000,,,insufficient_balance,,,,
1758906690,USDT-USDC,NONE,,,,,6.0000,,,insufficient_balance,,,,
1758906700,USDT-USDC,NONE,,,,,6.0000,,,insufficient_balance,,,,
1758906710,USDT-USDC,NONE,,,,,6.0000,,,insufficient_balance,,,,
1758906720,USDT-USDC,NONE,,,,,6.0000,,,insufficient_balance,,,,
1758906730,USDT-USDC,NONE,,,,,6.0000,,,insufficient_balance,,,,
1758906740,USDT-USDC,NONE,,,,,6.0000,,,insufficient_balance,,,,
1758906750,USDT-USDC,NONE,,,,,6.0000,,,insufficient_balance,,,,
1758906760,USDT-USDC,NONE,,,,,6.0000,,,insufficient_balance,,,,
1758906770,USDT-USDC,NONE,,,,,6.0000,,,insufficient_balance,,,,
1758906780,USDT-USDC,NONE,,,,,7.0000,,,insufficient_balance,,,,
1758906790,USDT-USDC,NONE,,,,,7.0000,,,insufficient_balance,,,,
1758906800,USDT-USDC,NONE,,,,,6.0000,,,insufficient_balance,,,,
1758906810,USDT-USDC,NONE,,,,,6.0000,,,insufficient_balance,,,,
1758906820,USDT-USDC,NONE,,,,,6.0000,,,insufficient_balance,,,,
1758906830,USDT-USDC,NONE,,,,,6.0000,,,insufficient_balance,,,,
1758906840,USDT-USDC,NONE,,,,,6.0000,,,insufficient_balance,,,,
1758906850,USDT-USDC,NONE,,,,,6.0000,,,insufficient_balance,,,,
1758906860,USDT-USDC,NONE,,,,,6.0000,,,insufficient_balance,,,,
1758906870,USDT-USDC,NONE,,,,,6.0000,,,insufficient_balance,,,,
1758906880,USDT-USDC,NONE,,,,,6.0000,,,insufficient_balance,,,,
1758906890,USDT-USDC,NONE,,,,,6.0000,,,insufficient_balance,,,,
1758906900,USDT-USDC,NONE,,,,,6.0000,,,insufficient_balance,,,,
1758906910,USDT-USDC,NONE,,,,,6.0000,,,insufficient_balance,,,,
1758906920,USDT-USDC,NONE,,,,,6.0000,,,insufficient_balance,,,,
1758906930,USDT-USDC,NONE,,,,,7.0000,,,insufficient_balance,,,,
1758906940,USDT-USDC,NONE,,,,,7.0000,,,insufficient_balance,,,,
1758906950,USDT-USDC,NONE,,,,,7.0000,,,insufficient_balance,,,,
1758906960,USDT-USDC,NONE,,,,,6.0000,,,insufficient_balance,,,,
1758906970,USDT-USDC,NONE,,,,,6.0000,,,insufficient_balance,,,,
1758907127,USDT-USDC,NONE,,,,,6.0000,,,insufficient_balance,,,,
1758907764,USDT-USDC,NONE,,,,,7.0000,,,insufficient_balance,,,,
1758907899,USDT-USDC,NONE,,,,,7.0000,,,insufficient_balance,,,,
1758908358,USDT-USDC,NONE,,,,,8.0000,,,insufficient_balance,,,,
1758908584,USDT-USDC,NONE,,,,,,,,"quote_parse_error Failed to fetch best bid/ask for USDT-USDC: HTTPSConnectionPool(host='api.exchange.coinbase.com', port=443): Read timed out. (read timeout=10.0)",,,,
1758908584,USDT-USDC,NONE,,,,,7.0000,,,insufficient_balance,,,,
1758909037,USDT-USDC,NONE,,,,,7.0000,,,insufficient_balance,,,,
1758909107,USDT-USDC,NONE,,,,,7.0000,,,insufficient_balance,,,,
1758909116,USDT-USDC,NONE,,,,,8.0000,,,insufficient_balance,,,,
1758909126,USDT-USDC,NONE,,,,,8.0000,,,insufficient_balance,,,,
1758909136,USDT-USDC,NONE,,,,,8.0000,,,insufficient_balance,,,,
1758909146,USDT-USDC,NONE,,,,,8.0000,,,insufficient_balance,,,,
1758909156,USDT-USDC,NONE,,,,,8.0000,,,insufficient_balance,,,,
1758909166,USDT-USDC,NONE,,,,,8.0000,,,insufficient_balance,,,,
1758909176,USDT-USDC,NONE,,,,,8.0000,,,insufficient_balance,,,,
1758909186,USDT-USDC,NONE,,,,,8.0000,,,insufficient_balance,,,,
1758909196,USDT-USDC,NONE,,,,,8.0000,,,insufficient_balance,,,,
1758909206,USDT-USDC,NONE,,,,,8.0000,,,insufficient_balance,,,,
1758909216,USDT-USDC,NONE,,,,,8.0000,,,insufficient_balance,,,,
1758909226,USDT-USDC,NONE,,,,,8.0000,,,insufficient_balance,,,,
1758909236,USDT-USDC,NONE,,,,,8.0000,,,insufficient_balance,,,,
1758909246,USDT-USDC,NONE,,,,,8.0000,,,insufficient_balance,,,,
1758909256,USDT-USDC,NONE,,,,,8.0000,,,insufficient_balance,,,,
1758909266,USDT-USDC,NONE,,,,,8.0000,,,insufficient_balance,,,,
1758909276,USDT-USDC,NONE,,,,,8.0000,,,insufficient_balance,,,,
1758909286,USDT-USDC,NONE,,,,,8.0000,,,insufficient_balance,,,,
1758909296,USDT-USDC,NONE,,,,,8.0000,,,insufficient_balance,,,,
1758909306,USDT-USDC,NONE,,,,,8.0000,,,insufficient_balance,,,,
1758909316,USDT-USDC,NONE,,,,,8.0000,,,insufficient_balance,,,,
1758909326,USDT-USDC,NONE,,,,,8.0000,,,insufficient_balance,,,,
1758909336,USDT-USDC,NONE,,,,,8.0000,,,insufficient_balance,,,,
1758909346,USDT-USDC,NONE,,,,,8.0000,,,insufficient_balance,,,,
1758909356,USDT-USDC,NONE,,,,,8.0000,,,insufficient_balance,,,,
1758909366,USDT-USDC,NONE,,,,,8.0000,,,insufficient_balance,,,,
1758909376,USDT-USDC,NONE,,,,,7.0000,,,insufficient_balance,,,,
